City,Strategy,LCC_AUC,EFF_AUC,FileName
Beijing,betweenness,0.174345,0.00532,Beijing_multi_betweenness.pkl
Beijing,degree,0.106899,0.003029,Beijing_multi_degree.pkl
Beijing,random,0.238136,0.012676,Beijing_multi_random.pkl
Changchun,betweenness,0.119493,0.00357,Changchun_multi_betweenness.pkl
Changchun,degree,0.071177,0.002358,Changchun_multi_degree.pkl
Changchun,random,0.196583,0.008578,Changchun_multi_random.pkl
Changsha,betweenness,0.145518,0.00404,Changsha_multi_betweenness.pkl
Changsha,degree,0.091554,0.002405,Changsha_multi_degree.pkl
Changsha,random,0.172047,0.005459,Changsha_multi_random.pkl
Changzhou,betweenness,0.153096,0.003644,Changzhou_multi_betweenness.pkl
Changzhou,degree,0.079652,0.001732,Changzhou_multi_degree.pkl
Changzhou,random,0.141468,0.003848,Changzhou_multi_random.pkl
Chengdu,betweenness,0.166731,0.004961,Chengdu_multi_betweenness.pkl
Chengdu,degree,0.117222,0.00342,Chengdu_multi_degree.pkl
Chengdu,random,0.223725,0.010589,Chengdu_multi_random.pkl
Chongqing,betweenness,0.063038,0.001588,Chongqing_multi_betweenness.pkl
Chongqing,degree,0.040784,0.001068,Chongqing_multi_degree.pkl
Chongqing,random,0.13158,0.003957,Chongqing_multi_random.pkl
Chuzhou,betweenness,0.059924,0.001746,Chuzhou_multi_betweenness.pkl
Chuzhou,degree,0.026597,0.000699,Chuzhou_multi_degree.pkl
Chuzhou,random,0.047363,0.001813,Chuzhou_multi_random.pkl
Dalian,betweenness,0.080611,0.002913,Dalian_multi_betweenness.pkl
Dalian,degree,0.064565,0.002114,Dalian_multi_degree.pkl
Dalian,random,0.150644,0.006283,Dalian_multi_random.pkl
Dongguan,betweenness,0.155896,0.004224,Dongguan_multi_betweenness.pkl
Dongguan,degree,0.076311,0.002453,Dongguan_multi_degree.pkl
Dongguan,random,0.218088,0.010136,Dongguan_multi_random.pkl
Foshan,betweenness,0.115916,0.003601,Foshan_multi_betweenness.pkl
Foshan,degree,0.083764,0.002714,Foshan_multi_degree.pkl
Foshan,random,0.203992,0.008372,Foshan_multi_random.pkl
Fuzhou,betweenness,0.123503,0.004607,Fuzhou_multi_betweenness.pkl
Fuzhou,degree,0.083258,0.002442,Fuzhou_multi_degree.pkl
Fuzhou,random,0.185938,0.009891,Fuzhou_multi_random.pkl
Guangzhou,betweenness,0.156153,0.004867,Guangzhou_multi_betweenness.pkl
Guangzhou,degree,0.126914,0.004481,Guangzhou_multi_degree.pkl
Guangzhou,random,0.243508,0.011559,Guangzhou_multi_random.pkl
Guiyang,betweenness,0.164997,0.010013,Guiyang_multi_betweenness.pkl
Guiyang,degree,0.126985,0.00712,Guiyang_multi_degree.pkl
Guiyang,random,0.274226,0.027495,Guiyang_multi_random.pkl
Hangzhou,betweenness,0.162265,0.00476,Hangzhou_multi_betweenness.pkl
Hangzhou,degree,0.099987,0.002319,Hangzhou_multi_degree.pkl
Hangzhou,random,0.203504,0.008146,Hangzhou_multi_random.pkl
Harbin,betweenness,0.114028,0.004216,Harbin_multi_betweenness.pkl
Harbin,degree,0.063718,0.002306,Harbin_multi_degree.pkl
Harbin,random,0.207296,0.011232,Harbin_multi_random.pkl
Hefei,betweenness,0.134025,0.003561,Hefei_multi_betweenness.pkl
Hefei,degree,0.060887,0.00159,Hefei_multi_degree.pkl
Hefei,random,0.167831,0.006173,Hefei_multi_random.pkl
Hohhot,betweenness,0.124891,0.006793,Hohhot_multi_betweenness.pkl
Hohhot,degree,0.07927,0.004068,Hohhot_multi_degree.pkl
Hohhot,random,0.187127,0.010929,Hohhot_multi_random.pkl
Jinan,betweenness,0.125341,0.004042,Jinan_multi_betweenness.pkl
Jinan,degree,0.058074,0.001961,Jinan_multi_degree.pkl
Jinan,random,0.181062,0.007722,Jinan_multi_random.pkl
Kunming,betweenness,0.142144,0.007379,Kunming_multi_betweenness.pkl
Kunming,degree,0.1136,0.005094,Kunming_multi_degree.pkl
Kunming,random,0.252222,0.017833,Kunming_multi_random.pkl
Lanzhou,betweenness,0.088072,0.004159,Lanzhou_multi_betweenness.pkl
Lanzhou,degree,0.065895,0.003012,Lanzhou_multi_degree.pkl
Lanzhou,random,0.202627,0.012595,Lanzhou_multi_random.pkl
Luoyang,betweenness,0.136494,0.004535,Luoyang_multi_betweenness.pkl
Luoyang,degree,0.056211,0.002274,Luoyang_multi_degree.pkl
Luoyang,random,0.190446,0.009808,Luoyang_multi_random.pkl
Nanchang,betweenness,0.127662,0.004503,Nanchang_multi_betweenness.pkl
Nanchang,degree,0.075362,0.002852,Nanchang_multi_degree.pkl
Nanchang,random,0.223485,0.012292,Nanchang_multi_random.pkl
Nanning,betweenness,0.117118,0.005402,Nanning_multi_betweenness.pkl
Nanning,degree,0.094976,0.004165,Nanning_multi_degree.pkl
Nanning,random,0.219381,0.013024,Nanning_multi_random.pkl
Nantong,betweenness,0.139636,0.00341,Nantong_multi_betweenness.pkl
Nantong,degree,0.069906,0.00167,Nantong_multi_degree.pkl
Nantong,random,0.160984,0.00576,Nantong_multi_random.pkl
Qingdao,betweenness,0.122966,0.003001,Qingdao_multi_betweenness.pkl
Qingdao,degree,0.097763,0.002238,Qingdao_multi_degree.pkl
Qingdao,random,0.179837,0.005938,Qingdao_multi_random.pkl
Shanghai,betweenness,0.179738,0.004605,Shanghai_multi_betweenness.pkl
Shanghai,degree,0.114521,0.003219,Shanghai_multi_degree.pkl
Shanghai,random,0.251831,0.010849,Shanghai_multi_random.pkl
Shaoxing,betweenness,0.105029,0.002064,Shaoxing_multi_betweenness.pkl
Shaoxing,degree,0.071586,0.001207,Shaoxing_multi_degree.pkl
Shaoxing,random,0.11004,0.002732,Shaoxing_multi_random.pkl
Shenyang,betweenness,0.163593,0.005776,Shenyang_multi_betweenness.pkl
Shenyang,degree,0.094346,0.003181,Shenyang_multi_degree.pkl
Shenyang,random,0.207597,0.009808,Shenyang_multi_random.pkl
Shenzhen,betweenness,0.198794,0.011246,Shenzhen_multi_betweenness.pkl
Shenzhen,degree,0.167059,0.008655,Shenzhen_multi_degree.pkl
Shenzhen,random,0.298916,0.031317,Shenzhen_multi_random.pkl
Shijiazhuang,betweenness,0.107553,0.003429,Shijiazhuang_multi_betweenness.pkl
Shijiazhuang,degree,0.062274,0.001747,Shijiazhuang_multi_degree.pkl
Shijiazhuang,random,0.162035,0.005988,Shijiazhuang_multi_random.pkl
Suzhou,betweenness,0.135181,0.002791,Suzhou_multi_betweenness.pkl
Suzhou,degree,0.095975,0.00221,Suzhou_multi_degree.pkl
Suzhou,random,0.187985,0.00544,Suzhou_multi_random.pkl
Taiyuan,betweenness,0.133529,0.006022,Taiyuan_multi_betweenness.pkl
Taiyuan,degree,0.081027,0.003892,Taiyuan_multi_degree.pkl
Taiyuan,random,0.224719,0.015131,Taiyuan_multi_random.pkl
Tianjin,betweenness,0.12677,0.003974,Tianjin_multi_betweenness.pkl
Tianjin,degree,0.099059,0.003237,Tianjin_multi_degree.pkl
Tianjin,random,0.244054,0.012426,Tianjin_multi_random.pkl
Wenzhou,betweenness,0.069559,0.001903,Wenzhou_multi_betweenness.pkl
Wenzhou,degree,0.066828,0.001456,Wenzhou_multi_degree.pkl
Wenzhou,random,0.163956,0.004555,Wenzhou_multi_random.pkl
Wuhan,betweenness,0.163147,0.004694,Wuhan_multi_betweenness.pkl
Wuhan,degree,0.090113,0.002846,Wuhan_multi_degree.pkl
Wuhan,random,0.206736,0.008443,Wuhan_multi_random.pkl
Wuhu,betweenness,0.122656,0.004643,Wuhu_multi_betweenness.pkl
Wuhu,degree,0.06026,0.002398,Wuhu_multi_degree.pkl
Wuhu,random,0.166884,0.007159,Wuhu_multi_random.pkl
Wuxi,betweenness,0.119459,0.003957,Wuxi_multi_betweenness.pkl
Wuxi,degree,0.093096,0.0027,Wuxi_multi_degree.pkl
Wuxi,random,0.166031,0.005689,Wuxi_multi_random.pkl
Xiamen,betweenness,0.204718,0.011355,Xiamen_multi_betweenness.pkl
Xiamen,degree,0.154671,0.008458,Xiamen_multi_degree.pkl
Xiamen,random,0.275969,0.0226,Xiamen_multi_random.pkl
Xuzhou,betweenness,0.078928,0.00257,Xuzhou_multi_betweenness.pkl
Xuzhou,degree,0.052696,0.001454,Xuzhou_multi_degree.pkl
Xuzhou,random,0.157982,0.005564,Xuzhou_multi_random.pkl
Zhengzhou,betweenness,0.148785,0.00507,Zhengzhou_multi_betweenness.pkl
Zhengzhou,degree,0.094642,0.003256,Zhengzhou_multi_degree.pkl
Zhengzhou,random,0.211549,0.00936,Zhengzhou_multi_random.pkl
nanking,betweenness,0.164317,0.004047,nanking_multi_betweenness.pkl
nanking,degree,0.093067,0.002206,nanking_multi_degree.pkl
nanking,random,0.172441,0.005061,nanking_multi_random.pkl
ningbo,betweenness,0.106445,0.002338,ningbo_multi_betweenness.pkl
ningbo,degree,0.068333,0.001488,ningbo_multi_degree.pkl
ningbo,random,0.159166,0.004277,ningbo_multi_random.pkl
sian,betweenness,0.146376,0.00447,sian_multi_betweenness.pkl
sian,degree,0.087654,0.002669,sian_multi_degree.pkl
sian,random,0.224936,0.009851,sian_multi_random.pkl
urumchi,betweenness,0.158108,0.008925,urumchi_multi_betweenness.pkl
urumchi,degree,0.111459,0.005489,urumchi_multi_degree.pkl
urumchi,random,0.241322,0.018579,urumchi_multi_random.pkl
